{"cameraMode":{"drawMode":0,"name":"Shaded","section":"Shading Mode"},"sceneLighting":true,"audioPlay":false,"sceneViewState":{"showFog":true,"showMaterialUpdate":false,"showSkybox":true,"showFlares":true,"showImageEffects":true,"showParticleSystems":true},"in2DMode":false,"pivot":{"x":2.6573486328125,"y":-1.7372653484344483,"z":97.98206329345703},"rotation":{"x":0.2289290726184845,"y":-0.6700795292854309,"z":0.2297508269548416,"w":0.6676831841468811},"size":4.166025161743164,"orthographic":false}