{"cameraMode":{"drawMode":0,"name":"Shaded","section":"Shading Mode"},"sceneLighting":false,"audioPlay":false,"sceneViewState":{"showFog":true,"showMaterialUpdate":false,"showSkybox":false,"showFlares":true,"showImageEffects":true,"showParticleSystems":true},"in2DMode":false,"pivot":{"x":2.238598108291626,"y":1.3071856498718262,"z":18.546375274658204},"rotation":{"x":-0.27032381296157839,"y":0.08420243859291077,"z":-0.02374035120010376,"w":-0.9587875604629517},"size":2.724745035171509,"orthographic":false}